{
	"partitions" : [
		{
			"name" : "Top",
			"pins" : [
				{
					"name" : "rled_export[0]",
					"strict" : false
				},
				{
					"name" : "rled_export[1]",
					"strict" : false
				},
				{
					"name" : "rled_export[2]",
					"strict" : false
				},
				{
					"name" : "rled_export[3]",
					"strict" : false
				},
				{
					"name" : "rled_export[4]",
					"strict" : false
				},
				{
					"name" : "rled_export[5]",
					"strict" : false
				},
				{
					"name" : "rled_export[6]",
					"strict" : false
				},
				{
					"name" : "rled_export[7]",
					"strict" : false
				},
				{
					"name" : "rled_export[8]",
					"strict" : false
				},
				{
					"name" : "rled_export[9]",
					"strict" : false
				},
				{
					"name" : "seg1_readdata[0]",
					"strict" : false
				},
				{
					"name" : "seg1_readdata[1]",
					"strict" : false
				},
				{
					"name" : "seg1_readdata[2]",
					"strict" : false
				},
				{
					"name" : "seg1_readdata[3]",
					"strict" : false
				},
				{
					"name" : "seg1_readdata[4]",
					"strict" : false
				},
				{
					"name" : "seg1_readdata[5]",
					"strict" : false
				},
				{
					"name" : "seg1_readdata[6]",
					"strict" : false
				},
				{
					"name" : "seg2_readdata[0]",
					"strict" : false
				},
				{
					"name" : "seg2_readdata[1]",
					"strict" : false
				},
				{
					"name" : "seg2_readdata[2]",
					"strict" : false
				},
				{
					"name" : "seg2_readdata[3]",
					"strict" : false
				},
				{
					"name" : "seg2_readdata[4]",
					"strict" : false
				},
				{
					"name" : "seg2_readdata[5]",
					"strict" : false
				},
				{
					"name" : "seg2_readdata[6]",
					"strict" : false
				},
				{
					"name" : "seg3_readdata[0]",
					"strict" : false
				},
				{
					"name" : "seg3_readdata[1]",
					"strict" : false
				},
				{
					"name" : "seg3_readdata[2]",
					"strict" : false
				},
				{
					"name" : "seg3_readdata[3]",
					"strict" : false
				},
				{
					"name" : "seg3_readdata[4]",
					"strict" : false
				},
				{
					"name" : "seg3_readdata[5]",
					"strict" : false
				},
				{
					"name" : "seg3_readdata[6]",
					"strict" : false
				},
				{
					"name" : "seg4_readdata[1]",
					"strict" : false
				},
				{
					"name" : "seg4_readdata[2]",
					"strict" : false
				},
				{
					"name" : "clk_clk",
					"strict" : false
				},
				{
					"name" : "reset_reset_n",
					"strict" : false
				},
				{
					"name" : "switch_export[7]",
					"strict" : false
				},
				{
					"name" : "switch_export[6]",
					"strict" : false
				},
				{
					"name" : "switch_export[5]",
					"strict" : false
				},
				{
					"name" : "switch_export[4]",
					"strict" : false
				},
				{
					"name" : "pushbutton_export[3]",
					"strict" : false
				},
				{
					"name" : "switch_export[3]",
					"strict" : false
				},
				{
					"name" : "pushbutton_export[1]",
					"strict" : false
				},
				{
					"name" : "switch_export[1]",
					"strict" : false
				},
				{
					"name" : "pushbutton_export[2]",
					"strict" : false
				},
				{
					"name" : "switch_export[2]",
					"strict" : false
				},
				{
					"name" : "switch_export[9]",
					"strict" : false
				},
				{
					"name" : "switch_export[0]",
					"strict" : false
				},
				{
					"name" : "pushbutton_export[0]",
					"strict" : false
				},
				{
					"name" : "switch_export[8]",
					"strict" : false
				}
			]
		}
	]
}